{
  "per_test": {
    "0": {
      "R2": -7500.2213134765625,
      "MSE": 65434.279622395836,
      "MAE": 170.9433568318685
    },
    "1": {
      "R2": -8.728429064154625,
      "MSE": 7798.427805582683,
      "MAE": 24.638693650563557
    },
    "2": {
      "R2": -4.105030134320259,
      "MSE": 3436.9166564941406,
      "MAE": 17.760111490885418
    },
    "3": {
      "R2": -10.799526080489159,
      "MSE": 4479.05066426595,
      "MAE": 21.577403783798218
    }
  },
  "macro": {
    "R2": -1880.9635746888816,
    "MSE": 20287.16868718465,
    "MAE": 58.72989143927892
  }
}