{
  "K": 5,
  "per_test": {
    "0": {
      "R2": -8356.128448486328,
      "MSE": 114914.50618489583,
      "MAE": 195.44909032185873
    },
    "1": {
      "R2": -10.100939045349756,
      "MSE": 5897.539906819661,
      "MAE": 25.457555452982586
    },
    "2": {
      "R2": -13.285047156115374,
      "MSE": 5833.7470703125,
      "MAE": 23.490416606267292
    },
    "3": {
      "R2": -47.32926827669144,
      "MSE": 22178.29264831543,
      "MAE": 32.197110295295715
    }
  },
  "macro": {
    "R2": -2106.710925741121,
    "MSE": 37206.021452585854,
    "MAE": 69.14854316910109
  }
}